{"cameraMode":{"drawMode":0,"name":"Shaded","section":"Shading Mode"},"sceneLighting":false,"audioPlay":false,"sceneViewState":{"showFog":true,"showMaterialUpdate":false,"showSkybox":false,"showFlares":true,"showImageEffects":true,"showParticleSystems":true},"in2DMode":false,"pivot":{"x":-0.9600000381469727,"y":1.059999942779541,"z":-2.1600000858306886},"rotation":{"x":0.050310783088207248,"y":0.05091346055269241,"z":-0.0025689422618597748,"w":0.9974368810653687},"size":0.21266169846057893,"orthographic":false}